{"cameraMode":{"drawMode":0,"name":"Shaded","section":"Shading Mode"},"sceneLighting":false,"audioPlay":false,"sceneViewState":{"m_AlwaysRefresh":false,"showFog":false,"showSkybox":false,"showFlares":true,"showImageEffects":true,"showParticleSystems":true,"showVisualEffectGraphs":true,"m_FxEnabled":false},"in2DMode":false,"pivot":{"x":1.4887361526489258,"y":1.4522581100463868,"z":-0.026409924030303956},"rotation":{"x":-0.1976366639137268,"y":-0.07197985798120499,"z":0.014543745666742325,"w":-0.9775274395942688},"size":2.1847145557403566,"orthographic":true}