{"cameraMode":{"drawMode":0,"name":"Shaded","section":"Shading Mode"},"sceneLighting":false,"audioPlay":false,"sceneViewState":{"m_AlwaysRefresh":false,"showFog":true,"showSkybox":false,"showFlares":true,"showImageEffects":true,"showParticleSystems":true,"showVisualEffectGraphs":true,"m_FxEnabled":false},"in2DMode":false,"pivot":{"x":-12.793136596679688,"y":16.486799240112306,"z":-120.16558074951172},"rotation":{"x":0.3017714023590088,"y":0.04543864727020264,"z":-0.014409507624804974,"w":0.9522278308868408},"size":3.7947161197662355,"orthographic":false}