{"cameraMode":{"drawMode":0,"name":"Shaded","section":"Shading Mode"},"sceneLighting":false,"audioPlay":false,"sceneViewState":{"m_AlwaysRefresh":false,"showFog":false,"showSkybox":false,"showFlares":true,"showImageEffects":true,"showParticleSystems":true,"showVisualEffectGraphs":true,"m_FxEnabled":false},"in2DMode":false,"pivot":{"x":7.540000915527344,"y":1.5000001192092896,"z":3.131150245666504},"rotation":{"x":0.011337210424244404,"y":0.9649807214736939,"z":-0.25866827368736269,"w":0.04228806495666504},"size":5.670709609985352,"orthographic":false}