{"cameraMode":{"drawMode":0,"name":"Shaded","section":"Shading Mode"},"sceneLighting":false,"audioPlay":false,"sceneViewState":{"m_AlwaysRefresh":false,"showFog":true,"showSkybox":false,"showFlares":true,"showImageEffects":true,"showParticleSystems":true,"showVisualEffectGraphs":true,"m_FxEnabled":true},"in2DMode":false,"pivot":{"x":-0.07042066752910614,"y":0.9179617166519165,"z":-0.08562254905700684},"rotation":{"x":0.009617223404347897,"y":-0.9900793433189392,"z":0.08575355261564255,"w":0.11096351593732834},"size":1.5772747993469239,"orthographic":false}