{"cameraMode":{"drawMode":0,"name":"Shaded","section":"Shading Mode"},"sceneLighting":false,"audioPlay":false,"sceneViewState":{"m_AlwaysRefresh":false,"showFog":false,"showSkybox":false,"showFlares":true,"showImageEffects":true,"showParticleSystems":true,"showVisualEffectGraphs":true,"m_FxEnabled":false},"in2DMode":false,"pivot":{"x":-1.280746340751648,"y":0.747284471988678,"z":0.24295562505722047},"rotation":{"x":0.011337210424244404,"y":0.9649807214736939,"z":-0.25866827368736269,"w":0.04228806495666504},"size":1.748451828956604,"orthographic":false}