{"cameraMode":{"drawMode":0,"name":"Shaded","section":"Shading Mode"},"sceneLighting":false,"audioPlay":false,"sceneViewState":{"m_AlwaysRefresh":false,"showFog":false,"showSkybox":false,"showFlares":true,"showImageEffects":true,"showParticleSystems":true,"showVisualEffectGraphs":true,"m_FxEnabled":false},"in2DMode":false,"pivot":{"x":-11.175508499145508,"y":9.227425575256348,"z":-41.899234771728519},"rotation":{"x":0.4360054135322571,"y":-0.09555414319038391,"z":0.046582747250795367,"w":0.8936824798583984},"size":0.5121647119522095,"orthographic":true}