{"cameraMode":{"drawMode":0,"name":"Shaded","section":"Shading Mode"},"sceneLighting":false,"audioPlay":false,"sceneViewState":{"m_AlwaysRefresh":false,"showFog":true,"showSkybox":false,"showFlares":true,"showImageEffects":true,"showParticleSystems":true,"showVisualEffectGraphs":true,"m_FxEnabled":true},"in2DMode":false,"pivot":{"x":-0.09338410198688507,"y":0.7450510859489441,"z":-0.004654973745346069},"rotation":{"x":-0.014847286976873875,"y":0.9851085543632507,"z":-0.11609575897455216,"w":-0.12598493695259095},"size":0.9055384993553162,"orthographic":false}